,prompt
0,"In the large cage, two puppies were wagging their tails at each other."
1,"A flock of bats flies over the village, captured in medium long shot."
2,"Above the sea, a school of silver flying fish leaped out of the water."
3,"In the early morning park, a bee is collecting pollen on a flower, in anime style."
4,Two dolphins are swimming in the blue sea.
5,"Several ducks are lying in the mud pit, occasionally preening their feathers leisurely, and sometimes probing for food in the muddy water with their beaks."
6,"Under the azure sky, a polar bear stands in the snow, turning its head to look at its cub behind him."
7,A butterfly is fluttering.
8,A woodpecker is pecking holes in the tree.The video is presented in a realistic style.
9,"Several swallows are carrying mud to build nests under the eaves, low angle shot."
10,"A white dove is flapping its wings, flying freely in the sky, in anime style."
11,A flying wild goose captured from a low-angle shot.
12,Two crows have landed on a branch.
13,The panda in the zoo is eating bamboo. The video is in black and white style.
14,"Tracking shot of a wolf slowly moving through a tranquil snowy landscape, leaving footprints with each step. Suddenly, the wolf accelerates into a run and leaps. At the moment of the jump, the camera cuts to reveal the wolf landing in the midst of a lush, verdant tropical rainforest."
15,"A small shrimp is holding food with its claws, nibbling at it bit by bit."
16,"In the aquarium tank, a group of tropical fish swim among the colorful coral reefs. The video captured in stunning 4K clarity."
17,"A goldfish swimming at the bottom of the water, with several aquatic plants nearby. The video is in HD quality."
18,"In the lush green fields, herds of cows and sheep graze leisurely."
19,"a Antelope is drinking water by the creek, the camera moves vertically from top to bottom."
20,A pelican is drinking water by the lake.
21,Jellyfish dancing in the sea.The video is presented in a realistic style.
22,The seaweed sways in the water.
23,A golden koi swims gracefully in the clear pond.
24,"Under the warm sunshine, a little dog is eating slowly."
25,"A small quail forages in the field, looking left and right cautiously."
26,"A hyena is looking for food, walking while lowering its head to sniff the scent on the ground."
27,"In a field of green grass, a small grey rabbit was busily munching on fresh blades of grass, occasionally lifting its head to cautiously scan its surroundings."
28,Three little fishes are swimming around in the fish tank
29,"A pod of dolphins playfully leaped out of the water in the wake of the ship, as if they were enjoying a game with the vessel."
30,"A wild duck glides leisurely across the crystal-clear lake, leaving ripples in its wake, captured from a high angle shot."
31,"Under the rocks in the water, there are many small shells hidden, with numerous clownfish swimming nearby."
32,"A squirrel is busily jumping on a tree trunk, looking for food to prepare for winter."
33,"A whale leaps out of the sea, in anime style, captured from a bird's-eye view."
34,"A grey chubby cat walked on the lush green grass, then suddenly stopped and looked up at the sky."
35,"A clear lake bottom, where a school of fish leisurely swims."
36,"By the pond, red-crowned cranes are foraging.Medium shot."
37,A hummingbird flaps its wings and hovers in front of a flower.
38,"A magpie takes off with a twig in its beak, in anime style."
39,"A snake slithers smoothly along the ground, weaving agilely through the grass and fallen leaves, tracking shot."
40,"In the blue sky, wild geese are flying"
41,"In the ocean, a large sea turtle covered with green algae on its shell swims in the sea. The video is captured in 4K clarity."
42,"In the garden, a little bee was fluttering and then landed on a flower."
43,"Under the setting sun, a little dog is digging a hole."
44,"In the darkness of night, a white cat treads along the rooftop, captured in a wide shot."
45,"On a vast expanse of snow, an Arctic fox is running lightly. Its ears are pointed and alertly turning, capturing any sound around."
46,"An albatross perches on a floating log on the sea surface, with its wingtips and tail being gray-brown. The video is taken with an arc shot."
47,"A dragonfly hovers, its transparent wings vibrating, captured in high angle shot."
48,Two clownfish are feeding next to the underwater seaweed.
49,"A deer is running, in a realistic style."
50,"On the shimmering surface of the water, a large fish poked its head out."
51,Two mandarin ducks are playing in the water.
52,"On a sunny winter day, two little kittens play with a ball of yarn by the windowsill, long shot."
53,"A gray little rabbit is eating grass, with its mouth chewing. Medium close-up shot."
54,"Under the morning sunlight, two gray kittens are climbing trees."
55,"A monkey is sitting in front of a computer screen, laughing heartily."
56,Several goldfish are swimming slowly in the fish tank.
57,A giant panda is walking.
58,"A turtle cautiously forages among the dense aquatic plants in the pond. Sensing danger nearby, it quickly retracts its head into its hard shell."
59,Three green parrots in the cage are drinking water.Blue tint for the picture
60,"Schools of clownfish, with their vibrant tails swaying, busily weave through the seaweed in search of food."
61,High-speed shot of a Fly's Wingbeats
62,"A wizard is waving a magic wand, chanting spells, controlling an apple to fly into the air. The color of the apple changes from green to bright red."
63,"On the barren surface of a planet, ancient and huge mechanical statues stand tall, surrounded by scattered wreckage of damaged spaceships. White fog floats in the sky, and peculiar crystals emit light. The entire video presents a sci-fi art style."
64,"Under the starry sky, trees sway gently, and fireflies dot the night sky. A few people are sitting around a bonfire, chatting and laughing. The entire video presents a joyful atmosphere."
65,"At the porch, a loyal dog lies on the welcome mat wagging its tail. Above it is a row of hooks with the owner's coat and hat hanging on them."
66,"Silver skyscrapers in the city, with streams of people passing by below. The camera moves vertically from top to bottom during filming."
67,"A computer is placed on the table, with fingers rapidly tapping on the keyboard. At the same time, the printer next to it makes a buzzing sound, and paper smoothly slides out from the paper outlet. There is also a cup of steaming coffee on the table."
68,"In the jungle, a lush tree stands quietly. Under the tree, a cute rabbit is leisurely eating grass. Behind the rabbit, a majestic tiger quietly approaches."
69,"In New York's Times Square, colorful neon lights flash incessantly, like stars dotting the sky, illuminating the entire block. The crowd bustles about, hurrying through the area. The camera switches to a quiet corner of a library in the city. Here, a reader is engrossed in reading a book in hand. His eyes are fixed on the pages, and his fingers gently turn each page."
70,"There is a mirror on the pink dressing table, and below the mirror, an ant is slowly crawling on the desktop."
71,"By a fog-enshrouded lakeside, an old boat gently sways, reeds by the lake sway with the wind, and unidentified objects float on the lake surface. The entire video presents a suspenseful atmosphere."
72,"In the yard, there is an apple tree laden with apples. Grandpa sits in the rocking chair under the tree, fanning himself with a bamboo fan. A child is running and playing around the apple tree."
73,"Inside the music room, a woman is practicing playing the piano. A cello is placed to the right of the piano, accompanied by a music stand, a violin, and a chair, captured in a wide-angle shot."
74,"A man in a gray suit stands on the balcony drinking. At his feet lies a black puppy, depicted in 3D cartoon style."
75,"A motorcycle lies overturned in a weedy ditch, where a crocodile is swimming back and forth. The entire video presents a suspenseful atmosphere."
76,"On the ancient battlefield, warriors bravely charged forward, wielding long spears and shields. Horses neighed, carrying knights and galloping across the battlefield."
77,"A stapler is placed to the left of a small round mirror. To the left of the stapler, there are also a pair of sunglasses and a key. The camera moves horizontally from right to left."
78,"The veterinarian is holding a stethoscope and conducting a thorough physical examination of the kitten in front of him. The kitten appears very scared, constantly dodging the doctor's touch. The pet owner beside them watches this scene anxiously, scratching their head in worry."
79,"A vast expanse of grassland teems with herds of cattle and sheep, as herders gallop across the plains on horseback."
80,"By the azure sea, a little girl is picking up seashells, followed by a husky, rendered in pixel art style."
81,"A tourist dressed in a lightweight adventure suit, with a bulging backpack on his back, is slowly walking towards the mountain top. By the roadside, a little monkey curiously stares at him, jumping around on the rocks, trying to get close to the tourist."
82,"In the evening in the desert, guided by the shepherd gently, a flock of sheep is walking towards the distant water source."
83,"A carpet covers the living room floor, and a puppy is lying on it playing with a kitten. To the right of the carpet, there is a toy ball."
84,"As the sun sets, the reeds sway gently in the breeze, casting their reflections on the water. Beneath the reeds, a frog intently watches a dragonfly that has just landed on one of the leaves."
85,"A computer is placed on the computer desk, playing a movie. Under the computer desk, there is a black dog lying down, gnawing on a bone.The video is in black and white style."
86,"After jumping on the sofa, the kitten lies down quietly on the sofa. The desk lamp beside it emits yellow light."
87,"In the afternoon, a man was focused on typing at his desk. A curious dog jumped onto the table, trying to touch the keyboard. The man gently stopped him and carried him back to the ground."
88,"In the sky above the forest, several crows are soaring. The setting sun casts its glow across the horizon, making the distant mountains clearly visible. The camera tilts upwards."
89,"In the underwater world, colorful schools of fish swim freely in the water, their tails swaying happily, sometimes gathering in groups, and sometimes scattering. The camera switches to the bustling beach, where a group of people are sweating profusely and striving hard on the beach volleyball court. They jump and spike, every movement filled with strength and passion."
90,"In the deep sea, there is a large rock covered with a thin layer of algae. To the right of the rock is a large octopus, its eight tentacles sometimes stretching flexibly, sometimes wrapping around the rock."
91,"Across the vast expanse of snow, numerous deep crevasses are scattered. A polar bear leisurely strolls across the icy terrain, its white fur blending seamlessly with the surrounding frozen landscape."
92,"Beneath the azure sky, mountains encircle a lake, whose surface is as calm as a mirror, reflecting the surroundings. Trees lushly line the lakeside, where several squirrels frolic and leap among the branches."
93,Two great white sharks are preying on a school of coral fish. The school of coral fish is scattering in all directions.
94,"A single light boat slowly progresses through the river water, with continuous undulating mountains behind it. These mountains are layered and lush, resembling a vivid landscape scroll. Sunlight filters through the thin mist onto the water surface, creating a sparkling effect. The scene is depicted in the style of Zhang Daqian."
95,"In the vast desert, a person leads a camel walking slowly. The camel carries a bundle on its back. Aerial shot."
96,"In the garden the fountain gushes merrily. To the left of the fountain is placed a bench, and to the left of the bench is a flowerbed blooming with various colors of flowers. The camera pans to the left."
97,"It's snowing heavily in the sky, and a thick layer of snow quickly covers the stone table in the yard. The camera switches to inside the house, where adults are wrapping dumplings, each with a happy smile. The entire video presents a joyful atmosphere."
98,"Under the dim streetlights, fallen leaves flutter. A man walks alone on the street. He is dressed as a clown and holds a balloon in his hand. The entire video presents a melancholic atmosphere."
99,"On a sunny afternoon, the clouds in the sky were as soft as cotton candy, drifting slowly. An elderly man with white hair rode a motorcycle through the country road. He wore a helmet and had a contented smile on his face, enjoying the caress of the wind and the warmth of the sunshine. The entire video is in a sci-fi art style with 4K ultra-high-definition quality."
100,"At the party, colorful lights flickered, tables were laden with cakes and desserts, and people held drinks in their hands, dancing to the rhythm."
101,"A slow-motion shot of coffee splashing, with the coffee forming an arc as it rises, and the word ""Energy"" appearing in bold letters, entirely made up of coffee."
102,"In the fish tank, there are three small goldfish swimming, and a piece of seaweed is gently swaying."
103,"The little boy carefully placed the pen on the document on the office desk. To the right of the document was a red telephone, and next to the telephone, the curtain swayed with the wind."
104,"On an open grassland, a man is intently controlling a drone in his hands. The man is wearing a simple T-shirt and jeans, with a baseball cap on his head. He is skillfully pressing the buttons on the remote control. Under his manipulation, the drone is circling in the air at times and rising at other times."
105,"On the grass, a picnic blanket is spread with bananas and apples. A rabbit hops onto the blanket and starts nibbling on an apple. The camera zooms out, revealing a 2K high-definition scene."
106,"In the deep and mysterious sea, an ancient shipwreck lies quietly there, its hull eroded by seawater and mottled. Inside the cabin, several crabs shuttle back and forth."
107,"On the autumn lake, the fiery red maple trees are reflected, their leaves gently swaying in the wind. Occasionally, a few maple leaves fall, floating softly on the water's surface. A small boat is drifting on the lake. The video is in anime style."
108,"In the park, a lame golden retriever is leisurely strolling. Its right front leg is wrapped with bandages, and each step seems particularly careful, but it still maintains an optimistic attitude, wagging its tail. Behind it, a little boy is sitting in a wheelchair, skillfully turning the wheels with his hands."
109,"On the beach, the waves gently lap against the shore. Some people are sunbathing, surfers are sliding on the waves, and children are building sandcastles. The entire video presents a joyful atmosphere."
110,"In a lab filled with a sense of technology, an advanced robot is busily working. Its body is flexible and its movements are precise, showing amazing technical strength. At the same time, a man stands by, watching the robot's operation with focused attention. He is dressed in a white coat and holds a notebook in his hand, occasionally recording the robot's operating data."
111,"Shot using an over-the-shoulder angle, a boy explores a dark cave, guided by the light from his flashlight. As the boy progresses deeper, the light at the end of the cave intensifies. The camera then cuts to reveal a magnificent waterfall and a verdant valley."
112,"At dawn by the seaside, gentle waves lap at the shore while seagulls circle above. Fishermen bustle about the pier, prepping their boats for a day at sea. In the distance, a lighthouse stands out prominently against the morning light, casting a golden sheen across the water, in the 80s vaporwave style."
113,"In the cold Arctic, the night sky is filled with dazzling auroras that dance like a dreamy scroll, their colorful lights twinkling in the darkness. The camera switches to a cozy cabin, where a man is sitting by the fireplace, smoking a pipe."
114,"At the hotel reception, there is a computer playing a movie. To the left of the computer is a printer, and to the right is a candy box filled with various colored candies. The camera pans from left to right."
115,"Lotus flowers bloom in the pond. By the pond, a calligrapher is wielding his brush, with ink, paper, and inkstone neatly arranged."
116,"A dancer with orange hair, sitting on a blue mushroom with a pink wand in her hand and green fireflies flying around her, 3D cartoon."
117,"A woman is lying on the sofa watching TV, enjoying the twists and turns of the plot while leisurely eating potato chips. A monkey sneaks in quietly and tiptoes past behind the sofa."
118,"The butterfly lands on the railing, and the camera pans to the right to capture the tulip field next to it. The entire video is presented in anime style"
119,"On the Shonan coast of Kanagawa Prefecture, the tide rises and falls, and a few seabirds stay on the shore."
120,"A shark preys on an octopus at the bottom of the sea, with the octopus fleeing. Slow motion shot."
121,A green garbage truck is parked by the roadside. Several sanitation workers are cleaning the road behind the garbage truck.
122,"A female art teacher is drawing in the classroom, with a box of colored pencils on the desk, in an animation style."
123,"In the winter ski resort, as large snowflakes descend from the sky, skis are neatly arrayed outside the equipment rental shop. Two tourists are meticulously selecting their skis."
124,"In the forest, the trees are lush, the creek is gurgling, and the deer, rabbits, zebras, and foxes are running and playing freely."
125,"There are five people in the conference room having a meeting, and one of them is speaking in front of the conference table."
126,Two girls are sitting on a park bench crying. The entire scene creates a sad atmosphere.
127,A worried man was pacing back and forth in front of the hospital room door.
128,Two chubby little boys are playing with a ball.
129,A little girl with braided pigtails is enjoying an ice cream.
130,"A tracking shot follows an African skateboarder weaving through the city park, capturing his smooth movements and the crowd he passes by."
131,Two elderly men in their 70s are playing chess in the park. The video is presented in black and white style.
132,"A thin and small man hides under the bed, closing his eyes, in the style of Alfred Hitchcock."
133,"A little girl, adorned with a red hairpin in her hair, smiles broadly, her happiness evident."
134,A middle-aged couple is riding a tandem bicycle in the park. The video is in standard definition.
135,"A man in a black suit looks into the distance and cries silently, his eyes filled with confusion. The entire scene presents a sorrowful atmosphere."
136,A group of twenty-something youths are participating in a running race. The entire video creates a joyful atmosphere.
137,"A group of 6-7 year old children holding tickets, walking towards the Ferris wheel. In anime style."
138,"A little boy, with a white backpack, hopped along the road."
139,"The landlord with dark skin, sporting a bouffant hairstyle, is hanging laundry on the balcony. A low angle shot."
140,"In the pet hospital, a male doctor is treating the wound on the cat's paw, graphic novel style."
141,"In the nighttime park, two young girls sit on a bench, chatting. The scene then shifts to a bustling night market, where a BBQ stall owner is busily flipping skewers, in 4K HD."
142,"A man in a suit slowly ties his tie,present in the style of the movie ""The Godfather""."
143,"A man stands on a bustling street making a phone call, dressed in a gray suit, holding a briefcase, pacing as he speaks on the phone. To his left stands a luxury car. Captured in a full shot."
144,"There are three children on the beach building sandcastles with sand, all wearing blue school uniforms. The video is shot from a low-angle perspective."
145,A white man is running on the beach.
146,"A woman dressed in a red gown is playing the piano, enveloped by candlelight and flowers. The video exudes a romantic ambiance."
147,"A man wearing headphones is listening to music, shaking his head. Medium close-up shot, neutral tones for the picture."
148,An African person places a basket of bananas on her head.
149,An elderly grandmother with white hair and a slightly hunched back walks slowly on the street.
150,The camera captures five women sitting around a dining table sharing dinner. The warm candlelight illuminates their smiling faces.
151,"In the kitchen, a young man dressed in a white chef's coat and hat is whisking eggs in a glass bowl, painted in a watercolor paint style."
152,A lady with long curly hair is sadly wiping the tears from the corners of her eyes with a handkerchief in her hand.
153,"A hunter is aiming at a nearby elk, in a realistic style."
154,"The keeper is feeding two sea lions on the shore, busily walking back and forth."
155,"On the lake, two people leisurely row a small boat.The entire scene exudes a romantic atmosphere."
156,The little boy rode his bicycle down the road.
157,"A gray-haired old man washes clothes by the river, pixel art style."
158,"The short-haired little girl sat on the bench, slowly lifting her head to watch the sunset."
159,"Under the afternoon sun, an elderly man wearing a straw hat strolled leisurely along the edge of the golden wheat field, in animation style."
160,"Tears streamed down the girl's cheeks, leaving trails. The video presents a sorrowful atmosphere."
161,"A man is walking towards an ancient building, seen from a 45-degree high angle shot,blue tint for the picture"
162,"A worker on a factory assembly line is skillfully labeling goods as they pass by. The camera switches to the factory office, where the boss stands with one hand on his hip and the other pointing in front of another worker, seemingly scolding them. The entire video presents a serious atmosphere."
163,Create a pixel art video of a man running on a park trail in a blue tracksuit and black running shoes.
164,"In the tea plantation, farmers are busy picking tea leaves. The camera horizontally moving from right to left."
165,A female student in a gray coat slowly stands up in the rain. The entire video presents a melancholic atmosphere.
166,"An 8-year-old little girl is brushing her teeth, suddenly getting toothpaste on the mirror."
167,"A man exposes his arm, showing off the muscle lines on his arm, close-up."
168,"An explorer walks alone on a mountain path, captured in a long shot."
169,A man crying with his face in his hands by the roadside.
170,"Inside the library, a short-haired girl is searching for books on the shelf in front of her."
171,"Under the dense big tree, two grandfathers over 60 years old are playing chess, with the camera tilting downward."
172,"In a warm cabin, the warm light of winter fills the entire room,
A kind old woman is knitting a blanket by the fireplace while a small child curls up beside her with a book. The camera captures the intimate, peaceful atmosphere, focusing on the gentle expressions of both characters. The animation includes subtle, soft movements. The flames flicker and the blanket rustles slightly, evoking a feeling of comfort and warmth."
173,"In the study, a man is typing on his keyboard, deeply focused on his work. The scene shifts to the bedroom, where under the warm yellow light, his wife is sitting by the bed, reading a storybook and gently patting their child's chest, lulling the child to sleep. The atmosphere is cozy and heartwarming."
174,"In the park, a little girl in a pink dress is on the swing, in a full shot."
175,A sanitation worker trims the flowers along the edge of the flower bed with scissors.
176,"A woman in a dress lost her balance and fell on the steps, with the camera tilting down."
177,"On the park grassland, several Asians are chatting together in the campground."
178,"A Frenchman in a black suit, with spectacles and a hat on his head, holding a cane in his right hand and picking up a pocket watch in his left to check the time. Medium long shot."
179,"Amidst the vast expanse of the grassland, a man in Martin boots strides forward. In one hand, he holds a whip, while the other leads a magnificent white horse. The scene is shown in a full shot."
180,"Under the banyan tree, there sits a couple in their 80s, chatting."
181,"The camera follows the back of a woman with long hair as she runs, capturing the strands as they whip and flow dynamically in the wind."
182,"In front of the mountaintop temple, a monk in his robes bows in prayer, with the camera shooting from a low angle upwards."
183,"In the corner of the library, a man is flipping through a newspaper, while a woman next to him is working on a laptop. The entire video is presented in a sticker style."
184,"Workers are building a house on a construction site, and time-lapse footage records the process of the house being built from the beginning to its completion."
185,"In the bustling square at night, a woman around 60 years old is happily dancing the square dance. The entire scene creates a joyful atmosphere."
186,"In the library, several students are whispering to each other."
187,A girl is making crafts with leaves in a craft store. The video is presented in 3D animation style.
188,"Two people on the bridge are looking down at the fish in the water, one of them is pointing into the water, introducing to the other person."
189,The little girl pouted angrily.
190,Two hikers make their way through the muddy terrain of a tropical rainforest.
191,"In the early morning bamboo forest, three people leisurely stroll along a path strewn with fallen leaves, captured in a full shot."
192,"The soccer player sits alone on the ground, slowly wrapping his arms around his knees, with a desolate expression. The entire video presents a sorrowful atmosphere."
193,A slim Asian woman is taking off from the springboard.
194,"A young woman with an oval face is making dumplings, in a medium close-up shot."
195,"On the rooftop, there's an open-air basketball court where six boys are playing basketball."
196,"In an opulently decorated fine dining restaurant, Audrey Hepburn is seated at a table, elegantly dressed in a simple yet refined white gown. Exquisite tableware, each piece exuding a gentle sheen, is laid out in front of her. Hepburn moves with grace and poise as she savors the delicacies on her plate. To her left, a formally dressed waiter is slightly bent over, politely inquiring if she requires any additional service."
197,"An Indian person sits at the dining table, raising his left hand to reach for the plate."
198,The waitress is cleaning the table.The video is in an anime style
199,"It started to rain heavily in the desert, and three travelers took shelter under rocks to avoid the rain."
200,"A few children, around six or seven years old, were playing and laughing under the tree."
201,The brown-haired woman's face turned red with anger as she clenched her fists.
202,A centenarian looks at the silent night sky and murmurs to himself. The entire video presents a sad atmosphere.
203,"A 2-year-old little girl stands in front of a pink mushroom-shaped house, holding a lollipop in her left hand, eating it with relish. Her right hand is holding a small dog, in 3D cartoon style."
204,"The strong man clenched his fists tightly, his knuckles turning white from the effort, in a close-up shot."
205,"In the corner of the café, a couple in their 70s are chatting while sipping hot coffee, presented in a realistic style."
206,A man with yellow skin is putting on glasses.
207,"A side-tracking shot follows an elderly woman with a kind face, wearing a worn, cozy shawl and a straw hat, as she gently walks through a bustling, vibrant market. She carries a basket filled with freshly baked bread, the warm steam wafting up into the crisp morning air. Stalls filled with colorful fruits, vegetables, and handmade trinkets line the path, and cheerful market-goers, including children and shopkeepers, greet her with smiles. The camera captures the detailed textures of cobblestone streets and fluttering market banners, evoking a sense of nostalgia, warmth, and a lively, enchanting atmosphere."
208,A girl in a red dress is swinging in the park.  Long shot.
209,"In a large classroom, a teacher is imparting knowledge to the students, high angle shot."
210,"At the entrance of the village at night, five farmers are warming themselves by the fire."
211,An elderly man in his 60s is singing and playing the guitar in the square. The entire video presents a melancholic style.
212,A little girl is holding a balloon and running slowly forward.
213,"A couple snuggle up next to each other sitting by the fireplace, the warm glow of the flames reflecting on their faces. The entire scene exudes a romantic atmosphere."
214,"An elderly person with graying hair stands by the sea, slowly raising his head to gaze at the boundless ocean. The entire video presents a melancholic atmosphere."
215,"In the garden early in the morning, two elderly people are practicing Tai Chi. Eye level shot."
216,"A girl stands beside a car with a broken door, crying. The entire video presents a sad atmosphere."
217,Four pedestrians are hurrying along under the streetlights at night.
218,"On the street side, three people are chatting. Shot in medium shot."
219,A black man won a gold medal and danced with joy.The video presents a cheerful atmosphere.
220,"In the rain, a couple stands facing each other under a streetlight. The man reaches out to hold the woman's hand, but she pulls it away. The entire scene creates a sad atmosphere."
221,A young writer side-on to the camera picks up a fountain pen and signs his name on the cover of a book handed by a fan.
222,"In the aquarium, two girls jump up happily, long shot."
223,"In the train station waiting room, there are passengers waiting for their trains and ticket inspectors checking tickets, with people coming and going. The camera switches to a carriage where a girl is quietly reading a book with headphones on."
224,"In front of the aquarium exhibition tank, a group of children around 10 years old are watching the fish in the tank."
225,"A woman in a white dress is walking up the stairs, with the camera shooting from a low angle. The image is in 4K resolution."
226,A Latino man with brown skin is throwing punches in the boxing ring.
227,A little boy is doing his homework.
228,"On the ancient city tower, a woman in red slowly unfolds her oil-paper umbrella, then looks towards the distance. The entire scene presents a calm atmosphere."
229,"In front of the milk tea shop, there are three boys wearing sportswear, one of whom is spinning a basketball on his finger. The video is in black and white."
230,Two kids are clapping their hands.
231,A Russian white-collar worker is drinking coffee leisurely
232,A couple is watching the aurora. They occasionally look up to admire the aurora and frequently exchange glances. The video presents a romantic atmosphere.
233,"At dusk, an elderly couple holding hands stroll along the beach, with the waves gently lapping at the shore and the afterglow of the setting sun shining on them. The entire scene creates a tranquil atmosphere."
234,"In the park, two elderly gentlemen are engaged in a game of chess, with a crowd of onlookers animatedly discussing the moves. The video is in 3D cartoon style."
235,"In the laboratory, Thomas Edison is using a pen to record his experimental data."
236,"Beads of sweat slowly rolled down the boy's forehead, close-up shot."
237,"On the street, pedestrians hurried by, and a boy drenched by rain hid under the eaves, wiping away tears. The entire scene created a melancholic atmosphere."
238,A young mother carefully lifts the baby bottle to feed the infant.
239,"Under the ancient tree of the temple, three worshippers are devoutly kneeling to pray for blessings."
240,"A curly-haired black woman is clearing the bar in a high jump competition,high saturation for the picture."
241,"An 8-year-old girl playing in a water park, in 3D cartoon style."
242,"In the classroom, the male teacher, holding a piece of chalk, writes math problems on the blackboard while the students attentively watch from their desks."
243,"A Chinese man wearing glasses sits on a bench reading a newspaper. He occasionally flips through the pages, pausing at times to read intently."
244,"On a frigid winter night, a homeless person is huddled in a street corner, trembling from the cold. His clothing is worn and insufficient. The camera is positioned at the knee level of a passerby, shooting horizontally."
245,"An Indian male hands a drink to a girl sitting next to him, green tint overlay for the video."
246,"In the classroom, the teacher points at a student, and the student stands up."
247,The bald man angrily smashed a glass.
248,"Outside the office building, there is a ground parking lot with several black cars parked. A bus slowly drives into the parking lot."
249,"Tall chimneys billowing thick smoke, in a low angle shot."
250,"In the movie theater, the big screen is playing a suspenseful film. The camera shoots from behind the audience, slowly moving forward along the aisle."
251,"In the ancient courtyard, there is a huge rockery stone. The camera tilts downward."
252,"In the shopping mall, with people coming and going, there are various kinds of shops, captured with a wide shot."
253,"In the park, the sun is shining brightly, the green trees provide a cool shade, flowers are blooming, and children are chasing colorful balloons. The entire video presents a joyful atmosphere."
254,"A girl is searching for books in an ancient library. After she gently pushes aside a row of bookshelves, the scene switches to a well-lit laboratory filled with modern technological ambiance, where instruments are flashing. The video is in ultra-high-definition quality."
255,"The white marble facade of Milan Cathedral shines brilliantly in the sunlight, with its slender spires and flying buttresses stretching towards the sky. Visitors stop here, gazing up at the exquisite carvings and sculptures."
256,Three paintings hang on the blue wall. The camera horizontally moving from left to right during shooting.
257,The worn waterwheel turns slowly by the riverbank.
258,"On the green grass, the white-walled Leaning Tower of Pisa stands tall. The camera moves vertically from top to bottom during filming."
259,The morning market in the small town is bustling with crowds and shrouded in mist.
260,"In the factory, there are two forklifts, one large and one small, and many wooden boxes. The camera pans to the right."
261,"Shot from a first-person perspective, the camera passes through the terracotta warrior pits, where rows of pottery figurines stand quietly in formation."
262,"The industrial park under construction is bustling with construction vehicles operating intensively, and workers are installing equipment."
263,"Filmed from a first-person perspective, the camera passes through the graffiti alley in Melbourne, Australia, where the graffiti walls are covered with artwork from many artists."
264,"Aerial shot of a busy medieval market, then cuts to a modern cityscape of towering skyscrapers and neon lights."
265,"In a dilapidated house, dust and cobwebs are scattered across the floor, and the door is suddenly blown open by the wind. The entire video presents a suspenseful atmosphere."
266,"In the early morning park, the sky is tinged with light blue and purple, with the first light of dawn appearing. On the park paths, people who have risen early are already walking, and the flowers in the flower beds bloom with dew."
267,"The ancient Roman Colosseum, with the camera panning from left to right."
268,"In the quiet library, books of various categories are neatly arranged on the shelves, and several readers are sitting or standing, attentively flipping through the pages in their hands, immersed in the ocean of knowledge."
269,A magnificent bridge with a constant stream of traffic spans over a river flowing ceaselessly below. The camera moves horizontally from left to right.
270,"On the ancient city walls, ancient cannons are placed, and visitors pick up cameras to take photos while walking.The entire video is in black and white style."
271,"The chimney of the power plant is slowly emitting black smoke, which has dyed the sky gray. Shot with a wide-angle lens."
272,"A golden wheat field, with wheat swaying gently in the breeze, next to which there is a dilapidated wooden cabin."
273,"Inside the lecture hall, a bottle of mineral water is placed on each seat for the convenience of the audience to use at any time. Various documents and materials are neatly stacked on the podium, waiting for the lecturer to consult and display at any time. The camera pans from left to right."
274,"The dome of Hagia Sophia stands solemnly under the blue sky, with its four minarets positioned at the corners of the building. The camera shoots from a top-down view and continuously zooms out."
275,"The Golden Gate Bridge glows with a warm halo in the sunset's afterglow, standing majestically against the sea breeze with ships slowly passing beneath.The camera moves vertically from top to bottom during filming."
276,"The Vatican's St. Peter's Basilica under the blue sky, with birds flying over the roof, and the camera moving vertically upward."
277,"Steam rises from the hot dogs sizzling on the grill at a New York street vendor's cart, with condiment bottles neatly lined up."
278,"Under the cherry blossom trees in Kyoto, there are two stone lions and two wooden stools. A gust of wind blew, and the cherry blossom petals fell one after another."
279,"The Sagrada Família stands in the heart of Barcelona, resembling a mysterious megalithic structure. As evening sunlight spills over its intricate facade, the eighteen spires seem like fingers pointing to the heavens, shimmering with golden light. The camera tilts upwards."
280,"Beside the makeup bag lie a white cotton pad, an eyebrow pencil, and a pink lipstick, as the camera horizontally moving to right."
281,"The plate is placed on the dining table, with a spoon next to it. The camera pans to the right, and a chair is positioned on the right side of the dining table."
282,"An old, rundown factory with piles of industrial waste at the entrance, zoom in on the lens."
283,The towering Leshan Giant Buddha statue. A full shot with the camera tilting upwards.
284,"As night falls, on Michigan Avenue in Chicago, the towering buildings are decorated with colorful neon lights on their exterior walls, forming a brilliant ocean of light that contrasts sharply with the dark night sky."
285,"In the abandoned factory, a cold wind blows through, lifting discarded papers on the ground. The entire video creates a suspenseful atmosphere."
286,The ancient Acropolis of Athens looks even more majestic under the glow of the setting sun.The camera pans from left to right.
287,"On a country path lined with small trees, two elderly people are taking a stroll down in the middle. The video is in standard definition."
288,"In the center of the room, there is a bed, above which hangs a ceiling fan that is rotating."
289,"In the rural wheat fields, farmers are harvesting wheat. Aerial shot."
290,"Skyscrapers tower along Michigan Avenue in Chicago, with pedestrians weaving through the streets."
291,"As night falls, the lights on the Eiffel Tower begin to twinkle."
292,"In the dawn, wisps of smoke drifted from the roof of the farmhouse.The video is in black and white style."
293,"Under the old locust tree in the countryside, there is a stone table and three wooden chairs. The video is taken with a blurred background to highlight the table and chairs. The camera pans from left to right."
294,"A full shot captures the Arc de Triomphe in France, showcasing its majestic and spectacular architectural style. Then, the camera slowly pushes in, focusing on the bas-reliefs on the Arc de Triomphe."
295,"In the yellow cabinet, clothes and trousers are hung full. The camera pans from left to right."
296,"An empty classroom, with the breeze gently moving the curtains. The entire video exudes a tranquil atmosphere."
297,"In the abandoned hospital corridor, the wall paint has peeled off, and discarded syringes and medicine bottles are visible everywhere on the ground. The camera slowly pushes in, creating a suspenseful atmosphere throughout the video."
298,"In the spacious greenhouse of the farm, the left side showcases a vibrant vegetable garden with lush green leafy vegetables; while the right side features a fruitful orchard with various fruits hanging full on the branches. The camera slowly moves from left to right."
299,"The door of a sealed room slowly opens, revealing a bed, chairs, a portrait on the wall, and an old carpet with some stains. The entire video presents a suspenseful atmosphere."
300,"On the bed in the bedroom, a puppy is playing with a slipper in its mouth."
301,"Deep in the dense forest, a lighthouse stands alone, its light at the top flickering on and off. The entire video presents a suspenseful atmosphere."
302,There is a green mailbox on the street. To the right of the mailbox is a flower shop. The camera moves horizontally from left to right.
303,"In the center of the square is an exquisite fountain, with water jets dancing to the rhythm of the music, sparkling with countless dazzling points of light under the sunlight. The video is in 4K resolution."
304,"Night view of Canton Tower.Full shot, camera tilts upwards."
305,Raindrops pattered against the tightly closed windows.
306,"On the right side of the art gallery is a series of modern paintings, while on the left are classical sculptures, filling the entire space with an artistic aura. The camera pans from right to left."
307,"In the deserts of Egypt, the ancient pyramids stand tall and majestic, with the afterglow of the setting sun casting a golden hue on the stone bricks, giving them a layer of gold. The camera moves vertically from bottom to top during filming."
308,"The majestic palaces of the Forbidden City stand tall and imposing, with the glazed tiles shimmering in the sunlight. The camera tilts downwards, revealing the vibrant and profound red walls of the Forbidden City."
309,"In the bright meeting room, various tables, chairs, and meeting equipment are neatly arranged. The camera pans from left to right, presenting a solemn atmosphere throughout the entire scene."
310,"Inside the cabin, passengers lean back in their seats, resting with closed eyes. As the camera pushes closer to the windows, it switches to the departure hall where crowds are surging and passengers are rushing about."
311,"The wind blew through the broken window, scattering the papers on the table.The video is in black and white style."
312,"In the chemistry laboratory, various reagent bottles are neatly arranged on the shelves along the wall, and test tubes and beakers are placed on the central long table. The liquid in a beaker is gently boiling, emitting wisps of steam."
313,"The fields are full of wheat, with waves of golden yellow swaying in the wind."
314,"In the gymnasium, there is no one around, and the lights flicker on and off. A basketball gently bounces on the floor."
315,"On the night street, the streetlights illuminate with a pale yellow light."
316,"A newspaper is placed on the garden bench, and a gust of wind blows it onto the ground. The entire scene is in watercolor style, captured with a close-up shot."
317,"There is a row of electric poles by the roadside, standing there quietly. The electric poles are connected by neat wires, swaying gently with the breeze. The camera slowly tilts upwards."
318,"On the streets of Hong Kong, the outdoor seating at coffee shops is filled with patrons enjoying their afternoon tea."
319,"At night, the Oriental Pearl Tower emits colorful lights, with surrounding buildings towering into the clouds. The camera moves vertically from bottom to top."
320,"The Louvre is bathed in a golden glow under the setting sun, the camera pans to the left."
321,"At Shibuya Crossing in Tokyo, the crowds surge, and the neon lights flash. The entire video is in high-definition quality."
322,"The Potala Palace covered in snow, with the camera moving vertically from top to bottom."
323,"In the living room at home, a couple is watching TV and eating popcorn."
324,The kite drifts through the sky.
325,A black sports watch with the hands constantly turning.
326,Hot dog sausages are steaming continuously in the air fryer.
327,"A colorful dress hangs on the balcony, swaying gently with the wind."
328,"The refrigerator is placed in a corner of the kitchen, its white shell appearing particularly bright under the light. Various sticky notes and children's drawings are attached to the refrigerator door. The camera zooms in, focusing on showcasing the sticky notes on the refrigerator door."
329,A black badminton racket with purple tape wrapped around the handle. The video is taken with an arc shot circling around the racket.
330,"The climbing wall is covered with colorful handholds of various shapes, and the camera tilts upwards."
331,A kite is flying in the sky.
332,The street food stall is filled with steaming fried skewers.
333,"In the bedroom, there is an infant bed, and the camera zooms in to display the small baby pillow on the bed."
334,"Circular cleaning robots are neatly arranged on the shelves in the mall, with the ""Xiaomi"" logo printed on them. The camera slowly pushes in along the shelves."
335,"A Scottish kilt flutters gently in the breeze, and the camera zooms in to reveal the plaid pattern on the kilt."
336,"A strawberry drops into a cocktail glass, causing a splash, captured with high-speed shot, in 2K quality."
337,"A cage of steamed dumplings was placed on the table, steaming hot."
338,Close-up shot captures the steam gently rising from a coffee cup.
339,A green apple was placed on the table and then cut in half.
340,"Two flower-adorned cars drove side by side through the bustling, crowded streets, in a realistic style."
341,The teapot is on the left side of the teacup. The camera moves horizontally from right to left during shooting.
342,"A skateboard is sliding, with a blue baseball cap placed on it. In front of the skateboard is an empty street with a smooth and flat road surface. The video is in high-definition quality."
343,"A black Nikon camera is placed on a stable tripod, and the shutter button is rapidly and continuously pressed by a finger."
344,"The iMac computer screen and camera light up, captured in a medium close-up shot."
345,"A floral-patterned evening gown, with the camera moving vertically from top to bottom in a close-up shot."
346,"A black sedan speeds through a puddle-slicked road, splashing water,presented in high-speed shot."
347,A man-made satellite is orbiting the Earth.
348,"A silver necklace lies quietly in an exquisite box, shining brightly. The camera slowly zooms out, gradually revealing the outline of the entire box and its surroundings. The box is placed on a soft velvet pad."
349,"In the living room, there is a sofa and a TV playing programs. The camera pans from right to left. The entire video is presented in black and white style."
350,"A pair of nylon-made black sports pants with conspicuous reflective strips on the sides, flashing in the night with the wearer's steps, like a flowing ribbon of light."
351,A pair of brand-new basketball shoes. The video is taken with a curved motion shot circling around the shoes.
352,"A drone descends from the sky to the ground, tracking shot."
353,"A red scarf is blown by the strong wind, dancing wildly in the air like a burning flame."
354,A blue long dress fell from the balcony clothes rack and dropped into the water on the ground.
355,"The calligraphy brush tip is dancing smoothly on the white paper, with ink slowly seeping out, captured in a close-up shot."
356,The silk dress on the clothesline fluttered in the wind.
357,A white robot vacuum is cleaning the floor along the edge of the wall.
358,A treadmill. The video is taken with an arc shot.
359,"The camera pushes in toward the vintage and exquisite bedroom lamp, with a lamp base crafted by hand soldering, featuring a colorful glass shade with varied textures."
360,A circular digital watch is flashing numbers. The video is presented in a realistic style.
361,"In the double-flavor hot pot, the left side is a tomato pot, and the right side is a spicy pot. The spicy pot is filled with floating Sichuan peppercorns, chili peppers, and other seasonings, accompanied by beef and vegetables, with continuous bubbles rising from the pot."
362,"In the rain, there is a telephone booth, with rainwater sliding down the edges, forming curtains of water. As the camera zooms out, it reveals the telephone booth standing alone in a street soaked by the rain."
363,"On the dining table, there is a steaming hot and spicy hot pot with bright red chili oil, broccoli, mushrooms, and sesame seeds sprinkled on top. The video is taken with an arc shot."
364,A set of kimono with red and blue floral patterns. The camera zooms in to highlight the patterns on the kimono.
365,A red sports car is drifting quickly around the corner.
366,A pair of black and white soccer shoes with protruding studs on the sole. Close-up shot. The video is in black and white style.
367,"A giant truck speeds down the highway, tracking shot."
368,"Several pristine white nurse uniforms are hanging on the clothesline, with water droplets continuously falling from their edges."
369,"A coffee machine is making coffee, and the coffee is slowly flowing from the outlet into the cup."
370,"A desk lamp is lit, emitting yellow light. The video is taken with an arc shot surrounding the lamp."
371,The embroidered shoes are adorned with plum blossoms. The camera zooms in to reveal the details of the plum blossoms. The image adopts a subtle green-blue hue.
372,"The brushes lie across the palette, and the palette is placed on the art table, on the right side of the art table are paints, as the camera horizontally moving from left to right."
373,"A bowl of seafood soup with shrimp, tomatoes, and lemon slices, the camera zooms in to highlight the small bubbles on the edges of the lemon slices."
374,"The fan spins, in a realistic style."
375,The display screen of the scale keeps flashing.
376,A white weighing scale. The video is shot with an arc shot.
377,"Beneath the mouse lies a blue mouse pad, which a hand slowly draws away."
378,"A red and yellow bus slowly makes its way along a mountain road, captured in a long shot."
379,"The ""A Thousand Li of Rivers and Mountains"" painting depicts continuous mountain ranges, meandering rivers, and fine lines, as the camera horizontally moving from left to right."
380,Next to the matte-textured e-reader is a pink-covered book. The camera horizontally moving from left to right.
381,"An electronic blood pressure monitor is at work, displaying numbers on its screen that are continuously changing."
382,"A plate of stir-fried shrimp is placed on the table, with the shrimp paired with peas and corn inside the plate, steaming hot."
383,A speedboat is making turn around on the river.
384,"The balloon is ascending, captured in a slow-motion shot."
385,"A khaki-colored fisherman's hat made of canvas, with a wide, round brim, is hanging on a coat rack behind the door. The camera zooms in to highlight the small daisy pattern embellished on the hat."
386,"Eyes, noses, mouths and teeth are carved on the surface of the pumpkin lantern, and the candle flame in the pumpkin lantern sways in the wind."
387,"In the evening at the harbor, ships sail along the river.Captured in a time-lapse shot,neutral tones for the picture"
388,"The washing machine in the corner of the room is shaking, and you can see the drum spinning."
389,"The treadmill belt is running at a steady speed, propelling the runner forward continuously. The camera shoots horizontally from the ground level."
390,A blue cocktail with ice cubes floating at the top of the glass.
391,A pajama was thrown onto the bed. This pajama has delicate lace trim and thin shoulder straps.
392,There is a fishing boat speeding on the sea surface.
393,The light blue towel hanging on the clothesline was blown by the wind and fell down.
394,"The oven in the kitchen is toasting two slices of bread, which are gradually taking on a deeper hue. The video is in anime style"
395,"A sushi platter, with sushi wrapped in nori containing rice and raw fish slices, accompanied by a small dish of soy sauce and wasabi. The camera pans to right."
396,A painting hangs on the wall of the bedroom. The camera rolls counterclockwise during shooting.
397,"Two tablets are placed on the table, with the camera panning horizontally from right to left."
398,"Sparks fly from a grinding wheel, creating a shower of light against a dark, industrial background, with the camera capturing the vivid colors and slow-motion effect."
399,A pair of gray dumbbells falls heavily to the ground.
400,"A red electric iron rests on a coat, with wisps of light smoke drifting around it."
401,"An ink bottle has been knocked over on the table, and the blue ink inside is flowing out."
402,"A game controller is tightly held by a pair of hands, with fingers skillfully pressing each button."
403,"A rotating plate holds a pizza covered with a thick layer of cheese. The pizza is topped with a variety of ingredients, including green vegetables, yellow pineapples, and pink shrimp."
404,"There is a spherical hammock chair on the balcony, with a pure white fluffy cushion on the chair. The camera moves vertically downward from above."
405,A yellow football tracksuit was thrown onto the stands.
406,"The strings of the guitar are plucked, and an enchanting melody ensues."
407,"As evening falls, a Tesla sedan speeds along the mountain road, captured in realistic style."
408,Ball number 14 slowly rolls on the billiard table and then falls into the corner pocket.
409,"A huge cargo ship is sailing on the turbulent sea, carrying containers. The video is in black and white style."
410,"The orange curtains in the living room are slowly opened, and a beam of light comes through."
411,"On the bed, there was a mobile phone on the right side of the pillow, and a video was playing on the phone."
412,"The flag flutters in the wind, with the camera capturing it from a low angle."
413,An apple is placed in front of the monitor. The camera moves horizontally from right to left during shooting.
414,"At the coal mining site, a large red truck is seen transporting coal out, medium close-up shot."
415,A helicopter is hovering in the sky.
416,"There is a computer on the table, and the computer screen shows programs that are running."
417,"A black and white silk shirt hangs on the balcony, with water dripping from the garment."
418,"The chicken soup bubbles away in the pot, infused with goji berries and red dates."
419,"Milk and cucumbers are placed on the dining table. The entire video is shot with a medium close-up shot, and the camera moves horizontally from left to right."
420,"In the center of the living room, there is a sofa, and to the right of the sofa is a massage chair. The camera horizontally moving from left to right."
421,"In space, two satellites collide, sending fragments flying in all directions, as the camera tilts up."
422,"The firecracker exploded, sending shards of its wrapping paper flying in all directions, captured by high-speed shot."
423,"In the bedroom, the ceiling fan is spinning rapidly."
424,"Smoke billows through the air, captured in slow motion."
425,"The parachute gently descends from the sky, low-angle shot."
426,"There is a broken plate on the table inside the house, and the stove fire next to it is burning, flickering with flames."
427,"A bachelor's gown. The video is taken with a 360-degree arc shot circling around the gown, presented in a realistic style."
428,A colorful dragon dancing in the air
429,"A magnificent palace emerges gradually from the shimmering sea, as if a mysterious force from the ocean depths gently lifts it. The palace's spires gleam with golden light in the setting sun, resembling a mirage, and is breathtakingly beautiful."
430,"A deserted alien colony, with buildings eroded by sandstorms and abandoned high-tech equipment scattered across the desolate surface, in a realistic style. The camera pans from right to left."
431,"In the story of Jack and the Beanstalk, a giant beanstalk pierces through the clouds, leading to a castle in the sky. The camera tilts upwards."
432,"In a river flowing with diamonds, a group of little elves sit on a boat. The entire video presents a fantastical atmosphere, with low contrast."
433,"A volcano made up of letters, with its body constructed from densely packed English letters, forming a unique volcanic landscape. The crater continuously emits steam clouds composed of letters."
434,A building constructed from flowing code. The video is shot with an arc shot.
435,"The black hole is located in the center of the galaxy, currently engulfing the surrounding matter."
436,"Along the banks of a winding river, cherry blossom trees sway in the wind, and petals drift with the water, forming a pink river. The entire video presents a fantastical atmosphere."
437,"In a three-dimensional space, colorful lights crisscross in all directions, constantly changing hues."
438,"A woman in a red suit stands in front of the mirror, elegantly adjusting her collar. Suddenly, a woman in a blue suit appears in the mirror, smiling and reaching out her hand to the woman outside the mirror, as if inviting her into an unknown world."
439,A beehive hotel made of glass on the moon. The video is taken with a 360-degree arc shot surrounding the hotel.
440,"A vast grassland where every blade of grass is made up of geometric shapes. With the breeze blowing, the geometric grass leaves sway gently."
441,"A library in a fairyland, with bookshelves filled with ancient books and magical potions. On the right side of the bookshelf is a door inlaid with gems. The camera moves horizontally from left to right, from displaying books to the door."
442,"A massive spaceship slowly glided above the Earth, casting a long shadow through the clouds.The video is in a realistic style
."
443,"After opening the book, the words on the pages turn into a swarm of colorful butterflies fluttering about."
444,"As the spaceship ascends, shimmering auroras appear in the sky. After the spaceship moves away, the auroras gradually fade away, in a sci-fi art style."
445,A high tower built of stacked books straight into the clouds. The camera moves vertically from bottom to top during shooting.
446,"After the candle is lit, a door appears in the middle of the flame."
447,A power station operating in space. The video is presented in 3D animation style.
448,A house with a sense of technology is floating on the sea surface. The video is shot with an arc shot.
449,"A broken bronze UFO, its surface already covered in rust, lies quietly on a desolate plain. The camera moves horizontally from right to left during shooting."
450,"An ancient tree stands tall and proud, its branches entwined with purple vines. Moonlight gently falls, and the vines seem to emit tiny particles of magic, forming mysterious pathways between the moonlight and the ancient tree, as if the tree is absorbing the essence of the moonlight.The entire video presents a fantastical atmosphere."
451,Giant biological footprints on the moon. The video is shot with an arc shot.
452,"In a snow-covered landscape, snowflakes twirl gracefully in the air, transforming into the image of a princess."
453,"In a forest filled with music, the branches and leaves of the trees sway gently with the wind, releasing melodious notes, and the creatures of the forest dance to this natural rhythm."
454,"A desert covered with stars, every grain of sand twinkling with starlight. A stone falls, stirring up a shiny dust cloud on the sand."
455,"The refrigerator door was slowly opened, revealing a maze of various vegetables."
456,"On the computer keyboard, a mini puppy jumps on different letter keys."
457,"The forest is shrouded in morning mist. As the sun rises, the fog gradually disperses. Sunlight filters through the treetops, forming beams of light that outline the shape of a door, as if leading to the entrance of a mysterious realm."
458,Icebergs on Uranus. The video is captured with an arc shot.
459,"In a bowl of white rice, a black kitten is struggling to climb over the grains of rice."
460,"In the canyon of Mars, a high-tech alien research station sits quietly there. Many Mars exploration vehicles collect Martian rocks around the research station and send them back to the research station."
461,"In the desolate alien mining site, huge excavation machinery and transport vehicles are scattered around the vast mine pits. Some small reconnaissance machines are flying around in the air."
462,"A palace made of ice crystals, emitting a faint blue glow under the aurora"
463,"Individual dazzling diamond-shaped color blocks, like falling petals, pile up into a dreamlike sea of colors."
464,"A blue tractor with the words ""Dongfanghong"" on it is parked on a cloud, with its exhaust pipe puffing out candy.Dark blue tint for the picture"
465,"White clouds floated in the sky, and with a gust of wind, they transformed into the letters ""OK."""
466,"A streamlined interstellar spaceship glides slowly through the brilliance of a nebula, its surface adorned with smooth metal armor and twinkling navigation lights. The entire image presents a sci-fi art style."
467,A plus sign is circling around the letter Z. The entire video is in anime style.
468,"Eggs are dancing in the pot, while apples watch from the side. The entire video presents a joyful atmosphere."
469,"Various colored desk lamps, slowly lowering their heads. Shot from high angle."
470,A sweater with a big mouth is slowly closing its mouth.
471,A plus sign jumped out of the book.
472,Three mermaids are swimming beside the coral reef.
473,"Tang Sanzang, draped in his monk's robe and holding a staff, walked forward slowly."
474,"A wide shot of a unicorn peacefully grazing in a lush, enchanted forest. The camera captures the unicorn’s shimmering coat, the magical glow of the surrounding flora, and the serene atmosphere of the scene."
475,A pillow is flying with jet propulsion.
476,"Hou Yi, carrying a bow and arrows, shuttles through the mountains and forests."
477,The golden dragon is coiling around the top of the palace. Close-up shot.
478,The nine-tailed fox strolls in the forest.
479,"On the grass, a crimson demon with sharp horns is striding, each step causing the ground to tremble slightly."
480,"In the underwater world, a mermaid swims past colorful coral reefs, with the camera moving vertically from top to bottom during filming."
481,"Mickey Mouse from Disney clad in a suit, is conducting the orchestra on stage with elegant hand gestures."
482,A piece of paper filled with mathematical formulas. The camera moves horizontally from left to right.
483,"A mechanical bear walks through the white snow, leaving deep footprints. The video is presented in a sci-fi art style."
484,"A crystal snake, with its tongue flicking out, slithers quietly through a dim cave."
485,"In the sky, a fairy in a white dress dances on the clouds. The entire video presents a fantastical atmosphere."
486,A gray mechanical dolphin jumps on the water surface.
487,"An exclamation mark ""!"" is pasted on the laboratory door as a warning as the camera tilts upwards."
488,Generate a video in which a circle gradually emerges.
489,A mechanical dinosaur is swishing its tail.
490,Kamen Rider was speeding down the road on his motorcycle.
491,"The three-headed dragon slowly lies down, in anime style."
492,"The lotus has emerald green leaves, the leaves are floating on the water, the petals of the lotus are as white as snow, medium close-up shot"
493,"Ivy cascades down like a waterfall from above, the camera tilts downwards."
494,The palm leaves sway in the wind with a blurred background.
495,"Lotus flowers float on the water surface. The camera moves horizontally from left to right. The image is in cyan tones, with a clay animation style."
496,"The hornwort stands still in the water, its tiny leaves and red stems looking particularly vibrant in the sunlight, with the water's surface sparkling with light patches under the sun."
497,"Duckweed spreads densely on the water surface, with water droplets covering the leaves, and the camera pans to right."
498,A piece of kelp is gently swaying with the current at the bottom of the sea. Its dark green blades are just like an underwater forest.
499,A rolling watermelon.The video is in black and white style.
500,"A clump of Schoenoplectus tabernaemontani blooms with white flowers, swaying with the current on the water surface."
501,"Spring has arrived, and peach trees are blooming with beautiful peach blossoms. The camera tilts upwards.Blue tint for the picture"
502,"In the early morning, the leaves of the lotus are swaying slightly, with a few drops of dew on the leaves.The video is in black and white style."
503,"A tranquil lake surface, with lotus flowers blooming and lotus leaves swaying in the wind. The camera moves horizontally from right to left during shooting."
504,A medium close-up shot shot captures the white daffodil flowers gently drifting atop the water's surface.
505,"In the center of the pond, three water lilies are slowly blooming, and the lily pads are oval-shaped, time-lapse shot."
506,"Tender green leaves. Close-up shot showing clear leaf veins, the camera moves horizontally from right to left."
507,"In the garden, the rose vines are entwined around the wall, lush and vibrant, captured by a camera tilted upwards."
508,"On the grassland, patches of dandelion seeds flutter in the wind."
509,"On the left side of the lake, a cluster of water lilies blooms quietly, their pink petals vibrant in the clear water."
510,"The tulips in the flower pot fell to the ground, with the camera tilting downward,in HD quality."
511,The seaweed in the water is slowly swaying.
512,"There is a pine tree on the right side of the road, swaying gently in the wind, and its needles reflecting the light when the sun shines."
513,"Amid the majestic scenery of the Three Gorges of the Yangtze River, the water flows gently while misty clouds envelop the layers of mountains on both sides."
514,"Under the polar night sky, the stars shine brilliantly and the Milky Way is clearly visible. The glaciers glisten with a cold radiance in the moonlight, while the Northern Lights dance across the horizon."
515,The endless Great Wall weaves through the mountains like a dragon. The camera pans left horizontally.
516,"The forest at night is silent and mysterious. Moonlight filters through the sparse leaves, casting dappled patterns of light and shadow on the ground. The shadows of the trees sway gently, and a light breeze blows, bringing the rustling sound of leaves."
517,A meteor streaked across the night sky rapidly.
518,"The countryside stream is crystal clear, and the willow trees by the bank sway gently in the wind, a slow-motion shot."
519,"The blue sky meets the azure sea, with the surface of the ocean shimmering in the sunlight. In the distance, several sailboats are sailing slowly. The video is presented in a realistic style."
520,"The river rushes through the valley, with turbulent and surging waters. The river water crashes against the rocks."
521,"Behind the rubber tree, a cluster of wild mushrooms is sprouting quietly. Taken with a time-lapse shot, the process of mushrooms emerging from the soil and gradually unfolding their umbrella-shaped caps is captured."
522,"In the early morning, the dewdrops hanging on the leaves sparkle under the sunlight."
523,"As the sun slowly rose above the horizon, the snow on the hillside turned golden in the morning light, shimmering with a warm and dazzling glow."
524,"The camera slowly pushes in, capturing a lush shrubbery on the sandy ground."
525,"As the gentle breeze sweeps over Yamdrok Lake, ripples form and the water sparkles, medium close-up shot."
526,A crystal-clear stream gently flows as fish swim within it.
527,"In Antarctica, a desolate continent covered in ice, the glaciers glisten brightly under the golden sunlight. Penguins waddle across the ice sheet and seals play among the ice floes."
528,"The clouds in the sky move rapidly under the influence of the wind, captured by time-lapse shot."
529,Volcanic Eruption
530,"The bright Polaris is hanging in the sky. Suddenly, a meteor streaked across beside it. The video is in a realistic style."
531,"In the night sky, stunning ribbons of light emerged, with green, purple, and red interweaving as if dancing shadows."
532,"Under the clear sky, the summit of Mount Fuji is gradually gently obscured by the drifting white clouds. The camera slowly zoom out, reflecting its magnificent mountain body in the calm Lake Kawaguchi."
533,"In a vast tropical rainforest, towering trees reach up to the clouds, their dense canopies blocking most of the sunlight, casting the ground in a soft green hue. Various tropical plants compete to grow, and colorful birds sing happily on the branches."
534,"The sunset stains the sky red, and the waves gently lap against the rocks. The entire video presents a romantic atmosphere."
535,"A plane streaked across the sky, leaving a long contrail behind."
536,"In the summer polar regions, under the sun's rays, the edges of the glaciers begin to melt. The meltwater flows along the ice crevices, exposing rocks and soil, infusing this icy realm with a hint of vitality."
537,A stormy night with lightning and thunder.The video is in black and white style.
538,"The avalanche came swiftly like a mountain collapse, with a large amount of snow blocks mixed with cold wind, pouring down the slope irresistibly."
539,The aurora shines in the sky.
540,"The stream water is crystal clear to the bottom, and the pebbles shine under the sunlight. Tracking shot along with the stream."
541,"First-person perspective aerial shot, sunlight shining on the snow-capped mountain peak, clouds rolling and unfolding, creating a tranquil atmosphere."
542,"The Milky Way spans across the sky, with stars twinkling with various shades of light."
543,"The water in the river flowed slowly, and the reeds alongside the river swayed."
544,"A small quail forages in the field, looking left and right cautiously."
545,"As night falls, the stars in the sky begin to twinkle."
546,"A serene night sky, with stars twinkling and the Milky Way clearly visible.The camera horizontally moves from right to left."
547,Aerial view of winding rivers flowing into the sea
548,A small bridge over flowing water in the countryside reflects the blue sky and drifting clouds in the clear river below.
549,"In the rural stream, aquatic plants sway with the waves, and peach blossoms on both banks bloom in the spring breeze."
550,The boundless ocean with its surging waves.
551,"Under the sunset in the polar region, the sky takes on a warm, reddish-orange hue. The glaciers and snow-covered mountains appear even more serene and majestic under the sunlight. The camera slowly pulls back, revealing a vast expanse of the polar landscape in its entirety."
552,"The stream flows gently, with pebbles scattered along its bed."
553,Victoria Falls
554,"By the seaside, waves crash against the rocks, sending up sprays of foam."
555,"The rain drizzles down, soaking the seats by the roadside. The entire video presents a melancholic atmosphere."
556,"The mountaintop of Huangshan is shrouded in mist, with birds flying through. The camera moves horizontally from right to left during shooting."
557,The lotus flowers and leaves in the park's lake are being blown around by the strong wind.
558,"Snowflakes gently falling from the sky, close-up shot."
559,"The waterfall plunges down from the steep cliff, with a fierce current and a sound that shakes the heavens. The water of the waterfall draws beautiful arcs in the air and then falls into the deep pool, stirring up waves of white spray."
560,"In the glacier crevasses, one can see meltwater gently flowing, medium close-up shot."
561,"The vast and boundless ocean, with its clear blue waters, waves endlessly crashing against the shore."
562,"Clouds in the sky are changing shapes, sometimes like galloping steeds, and sometimes like white castles."
563,"The river rushes through the canyon, splashing white water."
564,"At the foot of the snowy mountain, a small river flows, next to which lies a skier's camp.The picture adopts a strong orange and red color tone."
565,Raindrops pitter-patter against the window. The entire video presents a melancholic atmosphere.
566,"The banks of the Thames, as the camera moves vertically from low to high."
567,"Waves crash against the rock, slow motion shot."
568,"On Kuta Beach in Bali, warm sunlight spills onto the soft white sand, and gentle waves lap against the shore. The camera slowly pulls back, revealing the entire beautiful beach."
569,The brook flows gently through the countryside.
570,"In the mysterious canyon, bizarre rock formations and striking peaks stand tall. A crystal-clear stream flows through the valley, flanked by lush vegetation. Birds fly through the sky. In the style of Paul Gauguin."
571,"In the foggy weather, the mountains are faintly visible, blending with the sky and the earth as if it were a mysterious ink-wash painting. The camera tilts down."
572,"At night, the desert is bathed in moonlight, creating patches of silver on the sand dunes. The camera pans from left to right."
573,"The rain gradually stopped, and a rare double rainbow appeared in the sky. One rainbow had distinct color layers, while the other had softer colors."
574,"The mountain stream is crystal clear, and small stones gently roll in the babbling water."
575,"A desolate tropical island with clear waters, lush palm trees, and sandy beaches. The camera captures the scene with an aerial arc shot, circling around the island."
576,"Several ice floes are floating on the Arctic Ocean, and one of them suddenly cracks open."
577,"In the canyon, a meandering turquoise river flows quietly, wide shot."
578,"Under the sunlight, the lake surface shimmered. The camera slowly pans from right to left."
579,"The clear surface of the pond is like a mirror, reflecting the blue sky and white clouds. A gentle breeze blows, bringing a refreshing coolness, and the water surface ripples in waves."
580,The turbulent river rushes forward.The video is in black and white style.
581,"There is a stream in the lush forest, flowing slowly."
582,"Waves pound the rocks, with the camera capturing the scene from a high angle shot."
583,"A strong wind whips up dust and sand, turning the sky murky. The air is filled with particles of sand, and pedestrians cover their mouths and noses, struggling to move forward."
584,"A full moon hangs high in the night sky, emitting a soft glow. A cloud slowly drifts over, covering half of the moon."
585,"As the camera slowly pushes forward, passing over the rolling sand dunes, a vibrant oasis suddenly comes into view like a miraculous sight."
586,"As the sand continues to accumulate, the height of the pile is slowly increasing."
587,"Village in the valley, with wisps of cooking smoke rising. The camera tilts up."
588,"The afterglow of the setting sun spills onto the lake surface, turning the water a golden yellow. The camera pans to the left."
589,"At the break of dawn, the sky by the seaside began to lighten with a pale hue, and the sun slowly rose from the horizon, in a long shot."
590,"The Himalayas, with their layered peaks and snow-covered expanses, shine with golden light where the sun illuminates the mountaintops. Clouds drift above the summit, gathering and dispersing intermittently."
591,A tsunami is striking the city.
592,"After the heavy snow, the hillside was left with a pristine world covered in a fresh layer of snow. The camera horizontally moves from left to right."
593,"At the foot of the mountains, there is a clear lake, and two Africans are swimming in the lake."
594,"A dazzling starry sky, with occasional meteors streaking across. Captured with a time-lapse camera, the image is of standard definition."
595,"In the morning, when the sun is about to appear, the sky appears dark blue, and as the sun rises, the sky gradually becomes brighter. The video is in anime style"
596,A mudslide roared down the hillside.
597,"A violent earthquake caused the ground to shake violently, and subsequently, a huge crack appeared in the ground."
598,"On a clear day, the surface of the Nile River is sparkling, and the water flows slowly. There are stretches of oases on the banks of the river, and stretches of desert in the distance."
599,"The tornado moved over the lake, sucking the lake water into the storm, forming a waterspout."
